{
    "crt": {
        "current": true,
        "dirname": "CRT_1.3.1",
        "double_switch": false,
        "shared_object": false,
        "srcdir": "SOURCE",
        "standard_switch": true,
        "url": "https://water.usgs.gov/ogw/CRT/CRT_1.3.1.zip",
        "url_download_asset_date": "04/11/2017",
        "version": "1.3.1"
    },
    "gridgen": {
        "current": true,
        "dirname": "gridgen.1.0.02",
        "double_switch": false,
        "shared_object": false,
        "srcdir": "src",
        "standard_switch": true,
        "url": "https://water.usgs.gov/water-resources/software/GRIDGEN/gridgen.1.0.02.zip",
        "url_download_asset_date": "10/24/2018",
        "version": "1.0.02"
    },
    "libmf6": {
        "current": true,
        "dirname": "mf6.4.1_linux",
        "double_switch": false,
        "shared_object": true,
        "srcdir": "srcbmi",
        "standard_switch": true,
        "url": "https://github.com/MODFLOW-USGS/modflow6/releases/download/6.4.1/mf6.4.1_linux.zip",
        "url_download_asset_date": "12/09/2022",
        "version": "6.4.1"
    },
    "mf2000": {
        "current": true,
        "dirname": "mf2k.1_19",
        "double_switch": false,
        "shared_object": false,
        "srcdir": "src",
        "standard_switch": true,
        "url": "https://water.usgs.gov/nrp/gwsoftware/modflow2000/mf2k1_19_01.tar.gz",
        "url_download_asset_date": "03/30/2010",
        "version": "1.19.01"
    },
    "mf2005": {
        "current": true,
        "dirname": "MF2005.1_12u",
        "double_switch": true,
        "shared_object": false,
        "srcdir": "src",
        "standard_switch": true,
        "url": "https://github.com/MODFLOW-USGS/mf2005/releases/download/v.1.12.00/MF2005.1_12u.zip",
        "url_download_asset_date": "12/07/2021",
        "version": "1.12.00"
    },
    "mf6": {
        "current": true,
        "dirname": "mf6.4.1_linux",
        "double_switch": false,
        "shared_object": false,
        "srcdir": "src",
        "standard_switch": true,
        "url": "https://github.com/MODFLOW-USGS/modflow6/releases/download/6.4.1/mf6.4.1_linux.zip",
        "url_download_asset_date": "12/09/2022",
        "version": "6.4.1"
    },
    "mflgr": {
        "current": true,
        "dirname": "mflgr.2_0",
        "double_switch": true,
        "shared_object": false,
        "srcdir": "src",
        "standard_switch": true,
        "url": "https://water.usgs.gov/ogw/modflow-lgr/modflow-lgr-v2.0.0/mflgrv2_0_00.zip",
        "url_download_asset_date": "09/20/2013",
        "version": "2.0.0"
    },
    "mfnwt": {
        "current": true,
        "dirname": "MODFLOW-NWT",
        "double_switch": true,
        "shared_object": false,
        "srcdir": "src",
        "standard_switch": true,
        "url": "https://water.usgs.gov/water-resources/software/MODFLOW-NWT/MODFLOW-NWT_1.3.0.zip",
        "url_download_asset_date": "09/07/2022",
        "version": "1.3.0"
    },
    "mfusg": {
        "current": true,
        "dirname": "mfusg1_5",
        "double_switch": true,
        "shared_object": false,
        "srcdir": "src",
        "standard_switch": true,
        "url": "https://water.usgs.gov/water-resources/software/MODFLOW-USG/mfusg1_5.zip",
        "url_download_asset_date": "02/27/2019",
        "version": "1.5"
    },
    "mp6": {
        "current": true,
        "dirname": "modpath.6_0",
        "double_switch": false,
        "shared_object": false,
        "srcdir": "src",
        "standard_switch": true,
        "url": "https://water.usgs.gov/water-resources/software/MODPATH/modpath.6_0_01.zip",
        "url_download_asset_date": "10/23/2018",
        "version": "6.0.1"
    },
    "mp7": {
        "current": true,
        "dirname": "modpath_7_2_001",
        "double_switch": false,
        "shared_object": false,
        "srcdir": "source",
        "standard_switch": true,
        "url": "https://water.usgs.gov/water-resources/software/MODPATH/modpath_7_2_001.zip",
        "url_download_asset_date": "10/23/2018",
        "version": "7.2.001"
    },
    "mt3dms": {
        "current": true,
        "dirname": "mt3dms5.3.0",
        "double_switch": false,
        "shared_object": false,
        "srcdir": "src/true-binary",
        "standard_switch": true,
        "url": "https://hydro.geo.ua.edu/mt3d/mt3dms_530.exe",
        "url_download_asset_date": "02/21/2010",
        "version": "5.3.0"
    },
    "mt3dusgs": {
        "current": true,
        "dirname": "mt3dusgs1.1.0",
        "double_switch": false,
        "shared_object": false,
        "srcdir": "src",
        "standard_switch": true,
        "url": "https://water.usgs.gov/water-resources/software/MT3D-USGS/mt3dusgs1.1.0.zip",
        "url_download_asset_date": "07/12/2019",
        "version": "1.1.0"
    },
    "sutra": {
        "current": true,
        "dirname": "SutraSuite",
        "double_switch": false,
        "shared_object": false,
        "srcdir": "SUTRA_3_0/source",
        "standard_switch": true,
        "url": "https://water.usgs.gov/water-resources/software/sutra/SUTRA_3_0_0.zip",
        "url_download_asset_date": "08/20/2019",
        "version": "3.0"
    },
    "swtv4": {
        "current": true,
        "dirname": "swt_v4_00_05",
        "double_switch": true,
        "shared_object": false,
        "srcdir": "source",
        "standard_switch": false,
        "url": "https://water.usgs.gov/water-resources/software/SEAWAT/swt_v4_00_05.zip",
        "url_download_asset_date": "10/24/2018",
        "version": "4.00.05"
    },
    "triangle": {
        "current": true,
        "dirname": "triangle1.6",
        "double_switch": false,
        "shared_object": false,
        "srcdir": "src",
        "standard_switch": true,
        "url": "https://www.netlib.org/voronoi/triangle.zip",
        "url_download_asset_date": "07/29/2005",
        "version": "1.6"
    },
    "vs2dt": {
        "current": true,
        "dirname": "vs2dt3_3",
        "double_switch": false,
        "shared_object": false,
        "srcdir": "include",
        "standard_switch": true,
        "url": "https://water.usgs.gov/water-resources/software/VS2DI/vs2dt3_3.zip",
        "url_download_asset_date": "04/02/2018",
        "version": "3.3"
    },
    "zbud6": {
        "current": true,
        "dirname": "mf6.4.1_linux",
        "double_switch": false,
        "shared_object": false,
        "srcdir": "utils/zonebudget/src",
        "standard_switch": true,
        "url": "https://github.com/MODFLOW-USGS/modflow6/releases/download/6.4.1/mf6.4.1_linux.zip",
        "url_download_asset_date": "12/09/2022",
        "version": "6.4.1"
    },
    "zonbud3": {
        "current": true,
        "dirname": "Zonbud.3_01",
        "double_switch": false,
        "shared_object": false,
        "srcdir": "Src",
        "standard_switch": true,
        "url": "https://water.usgs.gov/water-resources/software/ZONEBUDGET/zonbud3_01.exe",
        "url_download_asset_date": "10/25/2018",
        "version": "3.01"
    },
    "zonbudusg": {
        "current": true,
        "dirname": "mfusg1_5",
        "double_switch": false,
        "shared_object": false,
        "srcdir": "src/zonebudusg",
        "standard_switch": true,
        "url": "https://water.usgs.gov/water-resources/software/MODFLOW-USG/mfusg1_5.zip",
        "url_download_asset_date": "02/27/2019",
        "version": "1.5"
    }
}